"rank"	"gene_symbol"	"gene_name"
"1"	"TYR"	"tyrosinase"
"1"	"HPS1"	"Hermansky-Pudlak syndrome 1"
"2"	"GPR143"	"G protein-coupled receptor 143"
"4"	"OCA2"	"oculocutaneous albinism II"
"4"	"HPS4"	"Hermansky-Pudlak syndrome 4"
"5"	"TYRP1"	"tyrosinase-related protein 1"
"5"	"HPS3"	"Hermansky-Pudlak syndrome 3"
"6"	"HPS5"	"Hermansky-Pudlak syndrome 5"
"6"	"SLC45A2"	"solute carrier family 45, member 2"
"7"	"RAB27A"	"RAB27A, member RAS oncogene family"
"8"	"KIT"	"v-kit Hardy-Zuckerman 4 feline sarcoma viral oncogene homolog"
"8"	"BLOC1S3"	"biogenesis of lysosomal organelles complex-1, subunit 3"
"10"	"AP3B1"	"adaptor-related protein complex 3, beta 1 subunit"
"12"	"LYST"	"lysosomal trafficking regulator"
"13"	"HPS6"	"Hermansky-Pudlak syndrome 6"
"14"	"BLOC1S6"	"biogenesis of lysosomal organelles complex-1, subunit 6, pallidin"
"14"	"MITF"	"microphthalmia-associated transcription factor"
"15"	"MC1R"	"melanocortin 1 receptor (alpha melanocyte stimulating hormone receptor)"
"15"	"SLC24A5"	"solute carrier family 24, member 5"
"16"	"KXD1"	"KxDL motif containing 1"
"19"	"VPS33A"	"vacuolar protein sorting 33 homolog A (S. cerevisiae)"
"20"	"RAB38"	"RAB38, member RAS oncogene family"
"21"	"BLOC1S2"	"biogenesis of lysosomal organelles complex-1, subunit 2"
"21"	"MLANA"	"melan-A"
"22"	"TH"	"tyrosine hydroxylase"
"23"	"AP3M1"	"adaptor-related protein complex 3, mu 1 subunit"
"24"	"BBS7"	"Bardet-Biedl syndrome 7"
"24"	"G6PC3"	"glucose 6 phosphatase, catalytic, 3"
"25"	"GABRA5"	"gamma-aminobutyric acid (GABA) A receptor, alpha 5"
"25"	"MLPH"	"melanophilin"
"26"	"PAX6"	"paired box 6"
"26"	"RAB27B"	"RAB27B, member RAS oncogene family"
"27"	"DCXR"	"dicarbonyl/L-xylulose reductase"
"27"	"CRYAA"	"crystallin, alpha A"
"28"	"EDNRB"	"endothelin receptor type B"
"28"	"PI4K2A"	"phosphatidylinositol 4-kinase type 2 alpha"
"30"	"FRMD7"	"FERM domain containing 7"
"30"	"GNAI3"	"guanine nucleotide binding protein (G protein), alpha inhibiting activity polypeptide 3"
"35"	"F2RL3"	"coagulation factor II (thrombin) receptor-like 3"
"36"	"HDAC4"	"histone deacetylase 4"
"37"	"ABCC4"	"ATP-binding cassette, sub-family C (CFTR/MRP), member 4"
"37"	"TFF1"	"trefoil factor 1"
