"rank"	"gene_symbol"	"gene_name"
"1"	"BBS1"	"Bardet-Biedl syndrome 1"
"1"	"BBS2"	"Bardet-Biedl syndrome 2"
"2"	"MKKS"	"McKusick-Kaufman syndrome"
"3"	"ARL6"	"ADP-ribosylation factor-like 6"
"3"	"BBS4"	"Bardet-Biedl syndrome 4"
"5"	"TRIM32"	"tripartite motif containing 32"
"6"	"BBS7"	"Bardet-Biedl syndrome 7"
"6"	"BBS12"	"Bardet-Biedl syndrome 12"
"7"	"TTC8"	"tetratricopeptide repeat domain 8"
"8"	"ALMS1"	"Alstrom syndrome 1"
"9"	"CCDC28B"	"coiled-coil domain containing 28B"
"9"	"CEP290"	"centrosomal protein 290kDa"
"10"	"BBS10"	"Bardet-Biedl syndrome 10"
"11"	"LZTFL1"	"leucine zipper transcription factor-like 1"
"11"	"BBS5"	"Bardet-Biedl syndrome 5"
"12"	"BBS9"	"Bardet-Biedl syndrome 9"
"16"	"RPGRIP1L"	"RPGRIP1-like"
"16"	"RAB11A"	"RAB11A, member RAS oncogene family"
"17"	"INPP5E"	"inositol polyphosphate-5-phosphatase, 72 kDa"
"17"	"DISC1"	"disrupted in schizophrenia 1"
"18"	"NPHP3"	"nephronophthisis 3 (adolescent)"
"18"	"RET"	"ret proto-oncogene"
"19"	"TMEM237"	"transmembrane protein 237"
"20"	"PCM1"	"pericentriolar material 1"
"20"	"DBNDD1"	"dysbindin (dystrobrevin binding protein 1) domain containing 1"
"21"	"WDPCP"	"WD repeat containing planar cell polarity effector"
"22"	"NMB"	"neuromedin B"
"23"	"PKHD1"	"polycystic kidney and hepatic disease 1 (autosomal recessive)"
"24"	"SDCCAG8"	"serologically defined colon cancer antigen 8"
"25"	"LEP"	"leptin"
"26"	"FTO"	"fat mass and obesity associated"
"27"	"PKD1"	"polycystic kidney disease 1 (autosomal dominant)"
