"rank"	"gene_symbol"	"gene_name"
"1"	"IHH"	"indian hedgehog"
"1"	"IMPAD1"	"inositol monophosphatase domain containing 1"
"2"	"ROR2"	"receptor tyrosine kinase-like orphan receptor 2"
"2"	"GDF5"	"growth differentiation factor 5"
"3"	"GNAS"	"GNAS complex locus"
"4"	"HOXD13"	"homeobox D13"
"6"	"ADAMTS10"	"ADAM metallopeptidase with thrombospondin type 1 motif, 10"
"7"	"CHSY1"	"chondroitin sulfate synthase 1"
"8"	"NOG"	"noggin"
"8"	"CHST3"	"carbohydrate (chondroitin 6) sulfotransferase 3"
"9"	"BBS4"	"Bardet-Biedl syndrome 4"
"9"	"COMP"	"cartilage oligomeric matrix protein"
"10"	"TRPV4"	"transient receptor potential cation channel, subfamily V, member 4"
"10"	"FGD1"	"FYVE, RhoGEF and PH domain containing 1"
"11"	"PTHLH"	"parathyroid hormone-like hormone"
"12"	"FBN1"	"fibrillin 1"
"12"	"EXT2"	"exostosin glycosyltransferase 2"
"14"	"BMPR1B"	"bone morphogenetic protein receptor, type IB"
"15"	"COL2A1"	"collagen, type II, alpha 1"
"15"	"CHST1"	"carbohydrate (keratan sulfate Gal-6) sulfotransferase 1"
"16"	"RAB23"	"RAB23, member RAS oncogene family"
"18"	"COL1A2"	"collagen, type I, alpha 2"
"19"	"PRKG2"	"protein kinase, cGMP-dependent, type II"
"20"	"TRPS1"	"trichorhinophalangeal syndrome I"
"20"	"SLURP1"	"secreted LY6/PLAUR domain containing 1"
"21"	"LMNA"	"lamin A/C"
"21"	"GPC1"	"glypican 1"
"22"	"SLC26A2"	"solute carrier family 26 (sulfate transporter), member 2"
"22"	"SHH"	"sonic hedgehog"
"23"	"PITX1"	"paired-like homeodomain 1"
"25"	"TWIST1"	"twist basic helix-loop-helix transcription factor 1"
"26"	"TGFB1"	"transforming growth factor, beta 1"
"27"	"HDAC4"	"histone deacetylase 4"
"28"	"PDE4D"	"phosphodiesterase 4D, cAMP-specific"
"29"	"BMP2"	"bone morphogenetic protein 2"
"31"	"SYK"	"spleen tyrosine kinase"
