"rank"	"gene_symbol"	"gene_name"
"1"	"PMM2"	"phosphomannomutase 2"
"2"	"ALG6"	"ALG6, alpha-1,3-glucosyltransferase"
"2"	"FKRP"	"fukutin related protein"
"3"	"ALG12"	"ALG12, alpha-1,6-mannosyltransferase"
"3"	"AGER"	"advanced glycosylation end product-specific receptor"
"4"	"POMT1"	"protein-O-mannosyltransferase 1"
"4"	"DAG1"	"dystroglycan 1 (dystrophin-associated glycoprotein 1)"
"5"	"ATP6V0A2"	"ATPase, H+ transporting, lysosomal V0 subunit a2"
"5"	"LARGE"	"like-glycosyltransferase"
"6"	"POMT2"	"protein-O-mannosyltransferase 2"
"6"	"FKTN"	"fukutin"
"7"	"ALG8"	"ALG8, alpha-1,3-glucosyltransferase"
"8"	"ALG11"	"ALG11, alpha-1,2-mannosyltransferase"
"9"	"KCNH2"	"potassium voltage-gated channel, subfamily H (eag-related), member 2"
"9"	"SRD5A3"	"steroid 5 alpha-reductase 3"
"10"	"POMGNT1"	"protein O-linked mannose beta1,2-N-acetylglucosaminyltransferase"
"11"	"TMEM165"	"transmembrane protein 165"
"12"	"COG4"	"component of oligomeric golgi complex 4"
"12"	"PMM1"	"phosphomannomutase 1"
"13"	"B3GALTL"	"beta 1,3-galactosyltransferase-like"
"15"	"DPAGT1"	"dolichyl-phosphate (UDP-N-acetylglucosamine) N-acetylglucosaminephosphotransferase 1 (GlcNAc-1-P transferase)"
"15"	"TPP1"	"tripeptidyl peptidase I"
"16"	"SLC4A1"	"solute carrier family 4, anion exchanger, member 1 (erythrocyte membrane protein band 3, Diego blood group)"
"17"	"RFT1"	"RFT1 homolog (S. cerevisiae)"
"17"	"FGF23"	"fibroblast growth factor 23"
"18"	"KCNQ1"	"potassium voltage-gated channel, KQT-like subfamily, member 1"
"18"	"COG7"	"component of oligomeric golgi complex 7"
"19"	"CFTR"	"cystic fibrosis transmembrane conductance regulator (ATP-binding cassette sub-family C, member 7)"
"19"	"DOLK"	"dolichol kinase"
"20"	"B4GALT1"	"UDP-Gal:betaGlcNAc beta 1,4- galactosyltransferase, polypeptide 1"
"22"	"SGCA"	"sarcoglycan, alpha (50kDa dystrophin-associated glycoprotein)"
"22"	"ALG9"	"ALG9, alpha-1,2-mannosyltransferase"
"23"	"MPI"	"mannose phosphate isomerase"
"24"	"ALG1"	"ALG1, chitobiosyldiphosphodolichol beta-mannosyltransferase"
"25"	"ALG3"	"ALG3, alpha-1,3- mannosyltransferase"
"26"	"AGA"	"aspartylglucosaminidase"
"26"	"CANX"	"calnexin"
"27"	"ISPD"	"isoprenoid synthase domain containing"
"28"	"DHDDS"	"dehydrodolichyl diphosphate synthase"
"28"	"TF"	"transferrin"
"29"	"C1GALT1"	"core 1 synthase, glycoprotein-N-acetylgalactosamine 3-beta-galactosyltransferase, 1"
"30"	"SEC23B"	"Sec23 homolog B (S. cerevisiae)"
"30"	"DDOST"	"dolichyl-diphosphooligosaccharide--protein glycosyltransferase subunit (non-catalytic)"
"31"	"LMAN1"	"lectin, mannose-binding, 1"
"31"	"CLRN1"	"clarin 1"
"32"	"CLN5"	"ceroid-lipofuscinosis, neuronal 5"
"32"	"NAAA"	"N-acylethanolamine acid amidase"
"33"	"GFPT1"	"glutamine--fructose-6-phosphate transaminase 1"
"34"	"SSPN"	"sarcospan"
"35"	"SMPD1"	"sphingomyelin phosphodiesterase 1, acid lysosomal"
"35"	"POFUT1"	"protein O-fucosyltransferase 1"
"36"	"FGFR3"	"fibroblast growth factor receptor 3"
"36"	"RHO"	"rhodopsin"
"37"	"SFTPB"	"surfactant protein B"
"38"	"FGG"	"fibrinogen gamma chain"
"39"	"FSHB"	"follicle stimulating hormone, beta polypeptide"
"39"	"FBN1"	"fibrillin 1"
"41"	"VWF"	"von Willebrand factor"
"42"	"F5"	"coagulation factor V (proaccelerin, labile factor)"
"42"	"RET"	"ret proto-oncogene"
"43"	"SLC35A3"	"solute carrier family 35 (UDP-N-acetylglucosamine (UDP-GlcNAc) transporter), member A3"
"43"	"GTDC2"	"glycosyltransferase-like domain containing 2"
"44"	"GALNT3"	"UDP-N-acetyl-alpha-D-galactosamine:polypeptide N-acetylgalactosaminyltransferase 3 (GalNAc-T3)"
"46"	"DPM2"	"dolichyl-phosphate mannosyltransferase polypeptide 2, regulatory subunit"
"46"	"SYNC"	"syncoilin, intermediate filament protein"
"48"	"TUSC3"	"tumor suppressor candidate 3"
"49"	"SERPINC1"	"serpin peptidase inhibitor, clade C (antithrombin), member 1"
"49"	"COG6"	"component of oligomeric golgi complex 6"
"50"	"HEXA"	"hexosaminidase A (alpha polypeptide)"
"51"	"GLB1"	"galactosidase, beta 1"
"52"	"MOGS"	"mannosyl-oligosaccharide glucosidase"
"52"	"F7"	"coagulation factor VII (serum prothrombin conversion accelerator)"
"53"	"ITGB3"	"integrin, beta 3 (platelet glycoprotein IIIa, antigen CD61)"
"56"	"SLC35A1"	"solute carrier family 35 (CMP-sialic acid transporter), member A1"
"56"	"MRC1"	"mannose receptor, C type 1"
"57"	"KDELR1"	"KDEL (Lys-Asp-Glu-Leu) endoplasmic reticulum protein retention receptor 1"
"58"	"NPC2"	"Niemann-Pick disease, type C2"
"59"	"SLC35C1"	"solute carrier family 35, member C1"
"59"	"CLN3"	"ceroid-lipofuscinosis, neuronal 3"
"60"	"CD40"	"CD40 molecule, TNF receptor superfamily member 5"
"60"	"B4GALT7"	"xylosylprotein beta 1,4-galactosyltransferase, polypeptide 7"
"62"	"GALE"	"UDP-galactose-4-epimerase"
"62"	"IDS"	"iduronate 2-sulfatase"
"63"	"NAGA"	"N-acetylgalactosaminidase, alpha-"
"63"	"UMOD"	"uromodulin"
"64"	"PSMG1"	"proteasome (prosome, macropain) assembly chaperone 1"
"65"	"ASPA"	"aspartoacylase"
"66"	"HGSNAT"	"heparan-alpha-glucosaminide N-acetyltransferase"
"66"	"FGFR2"	"fibroblast growth factor receptor 2"
"67"	"PEX3"	"peroxisomal biogenesis factor 3"
"68"	"COL3A1"	"collagen, type III, alpha 1"
"69"	"MCOLN3"	"mucolipin 3"
"71"	"GALC"	"galactosylceramidase"
"71"	"SPINK5"	"serine peptidase inhibitor, Kazal type 5"
"72"	"SLC37A4"	"solute carrier family 37 (glucose-6-phosphate transporter), member 4"
"73"	"BSCL2"	"Berardinelli-Seip congenital lipodystrophy 2 (seipin)"
"74"	"FUT3"	"fucosyltransferase 3 (galactoside 3(4)-L-fucosyltransferase, Lewis blood group)"
"75"	"EXT2"	"exostosin glycosyltransferase 2"
"75"	"G6PC3"	"glucose 6 phosphatase, catalytic, 3"
"76"	"GPR56"	"G protein-coupled receptor 56"
"76"	"APP"	"amyloid beta (A4) precursor protein"
"78"	"ALDOB"	"aldolase B, fructose-bisphosphate"
"80"	"MME"	"membrane metallo-endopeptidase"
"81"	"TPI1"	"triosephosphate isomerase 1"
"82"	"SLC26A3"	"solute carrier family 26, member 3"
"83"	"WWP1"	"WW domain containing E3 ubiquitin protein ligase 1"
"83"	"BGN"	"biglycan"
"84"	"JAG1"	"jagged 1"
"85"	"MPZ"	"myelin protein zero"
"86"	"CLCN5"	"chloride channel, voltage-sensitive 5"
"87"	"SLC3A1"	"solute carrier family 3 (cystine, dibasic and neutral amino acid transporters, activator of cystine, dibasic and neutral amino acid transport), member 1"
"88"	"CEACAM6"	"carcinoembryonic antigen-related cell adhesion molecule 6 (non-specific cross reacting antigen)"
"91"	"MUC5B"	"mucin 5B, oligomeric mucus/gel-forming"
"92"	"ATP7A"	"ATPase, Cu++ transporting, alpha polypeptide"
"94"	"ABCA3"	"ATP-binding cassette, sub-family A (ABC1), member 3"
"95"	"SYK"	"spleen tyrosine kinase"
"96"	"GNE"	"glucosamine (UDP-N-acetyl)-2-epimerase/N-acetylmannosamine kinase"
"98"	"FBLN5"	"fibulin 5"
"100"	"ABCC6"	"ATP-binding cassette, sub-family C (CFTR/MRP), member 6"
"102"	"PARP1"	"poly (ADP-ribose) polymerase 1"
"103"	"ADAMTS4"	"ADAM metallopeptidase with thrombospondin type 1 motif, 4"
"104"	"ABCC8"	"ATP-binding cassette, sub-family C (CFTR/MRP), member 8"
"107"	"KCNE1"	"potassium voltage-gated channel, Isk-related family, member 1"
"108"	"VIP"	"vasoactive intestinal peptide"
"110"	"RELN"	"reelin"
"110"	"CHIT1"	"chitinase 1 (chitotriosidase)"
"111"	"ICAM1"	"intercellular adhesion molecule 1"
"111"	"FURIN"	"furin (paired basic amino acid cleaving enzyme)"
"112"	"ENG"	"endoglin"
"114"	"IGFBP5"	"insulin-like growth factor binding protein 5"
"115"	"LIF"	"leukemia inhibitory factor"
"116"	"CXCR1"	"chemokine (C-X-C motif) receptor 1"
"116"	"FGB"	"fibrinogen beta chain"
"117"	"TOR1A"	"torsin family 1, member A (torsin A)"
"117"	"WFS1"	"Wolfram syndrome 1 (wolframin)"
"118"	"IL8"	"interleukin 8"
"120"	"HIF1A"	"hypoxia inducible factor 1, alpha subunit (basic helix-loop-helix transcription factor)"
"121"	"AHSG"	"alpha-2-HS-glycoprotein"
"127"	"ABCC2"	"ATP-binding cassette, sub-family C (CFTR/MRP), member 2"
"131"	"IGFBP3"	"insulin-like growth factor binding protein 3"
"131"	"CTGF"	"connective tissue growth factor"
