"rank"	"gene_symbol"	"gene_name"
"1"	"PYCR1"	"pyrroline-5-carboxylate reductase 1"
"1"	"FBLN5"	"fibulin 5"
"2"	"ELN"	"elastin"
"4"	"ATP6V0A2"	"ATPase, H+ transporting, lysosomal V0 subunit a2"
"5"	"RIN2"	"Ras and Rab interactor 2"
"5"	"EFEMP2"	"EGF containing fibulin-like extracellular matrix protein 2"
"7"	"GSN"	"gelsolin"
"7"	"ALDH18A1"	"aldehyde dehydrogenase 18 family, member A1"
"8"	"ATP7A"	"ATPase, Cu++ transporting, alpha polypeptide"
"9"	"TALDO1"	"transaldolase 1"
"9"	"LTBP4"	"latent transforming growth factor beta binding protein 4"
"12"	"LOXL1"	"lysyl oxidase-like 1"
