"rank"	"gene_symbol"	"gene_name"
"1"	"DKC1"	"dyskeratosis congenita 1, dyskerin"
"2"	"NOP10"	"NOP10 ribonucleoprotein"
"2"	"TERC"	"telomerase RNA component"
"3"	"NHP2"	"NHP2 ribonucleoprotein"
"3"	"TERT"	"telomerase reverse transcriptase"
"4"	"TINF2"	"TERF1 (TRF1)-interacting nuclear factor 2"
"5"	"USB1"	"U6 snRNA biogenesis 1"
"6"	"CTC1"	"CTS telomere maintenance complex component 1"
"9"	"WRAP53"	"WD repeat containing, antisense to TP53"
"9"	"GAR1"	"GAR1 ribonucleoprotein homolog (yeast)"
"11"	"CBX3"	"chromobox homolog 3"
"11"	"SBDS"	"Shwachman-Bodian-Diamond syndrome"
"12"	"TP53"	"tumor protein p53"
"12"	"RUVBL2"	"RuvB-like 2 (E. coli)"
"13"	"TNIP1"	"TNFAIP3 interacting protein 1"
"15"	"CXCR4"	"chemokine (C-X-C motif) receptor 4"
