"rank"	"gene_symbol"	"gene_name"
"1"	"GAA"	"glucosidase, alpha; acid"
"2"	"G6PC"	"glucose-6-phosphatase, catalytic subunit"
"2"	"PYGM"	"phosphorylase, glycogen, muscle"
"3"	"AGL"	"amylo-alpha-1, 6-glucosidase, 4-alpha-glucanotransferase"
"4"	"LAMP2"	"lysosomal-associated membrane protein 2"
"4"	"PHKA2"	"phosphorylase kinase, alpha 2 (liver)"
"6"	"PRKAG2"	"protein kinase, AMP-activated, gamma 2 non-catalytic subunit"
"6"	"SLC37A4"	"solute carrier family 37 (glucose-6-phosphate transporter), member 4"
"7"	"GBE1"	"glucan (1,4-alpha-), branching enzyme 1"
"8"	"PHKA1"	"phosphorylase kinase, alpha 1 (muscle)"
"9"	"G6PD"	"glucose-6-phosphate dehydrogenase"
"9"	"PYGL"	"phosphorylase, glycogen, liver"
"10"	"GANC"	"glucosidase, alpha; neutral C"
"11"	"G6PC3"	"glucose 6 phosphatase, catalytic, 3"
"12"	"PHKG2"	"phosphorylase kinase, gamma 2 (testis)"
"12"	"SLC2A4"	"solute carrier family 2 (facilitated glucose transporter), member 4"
"13"	"GYS1"	"glycogen synthase 1 (muscle)"
"13"	"ACE"	"angiotensin I converting enzyme"
"15"	"PFKM"	"phosphofructokinase, muscle"
"16"	"SLC2A2"	"solute carrier family 2 (facilitated glucose transporter), member 2"
"17"	"MOGS"	"mannosyl-oligosaccharide glucosidase"
"17"	"MGAM"	"maltase-glucoamylase (alpha-glucosidase)"
"18"	"BTD"	"biotinidase"
"20"	"AMPD3"	"adenosine monophosphate deaminase 3"
"21"	"SAR1B"	"SAR1 homolog B (S. cerevisiae)"
"22"	"ARSA"	"arylsulfatase A"
"23"	"EPM2A"	"epilepsy, progressive myoclonus type 2A, Lafora disease (laforin)"
"23"	"SLC17A3"	"solute carrier family 17 (sodium phosphate), member 3"
"24"	"SCN5A"	"sodium channel, voltage-gated, type V, alpha subunit"
"25"	"PPARGC1A"	"peroxisome proliferator-activated receptor gamma, coactivator 1 alpha"
"25"	"TFEB"	"transcription factor EB"
"26"	"LMNA"	"lamin A/C"
"26"	"SLC2A5"	"solute carrier family 2 (facilitated glucose/fructose transporter), member 5"
"27"	"AMPD1"	"adenosine monophosphate deaminase 1"
"28"	"HSD11B1"	"hydroxysteroid (11-beta) dehydrogenase 1"
"29"	"IGF1"	"insulin-like growth factor 1 (somatomedin C)"
"31"	"G6PC2"	"glucose-6-phosphatase, catalytic, 2"
"31"	"VWF"	"von Willebrand factor"
"32"	"ACTN3"	"actinin, alpha 3"
"33"	"MSTN"	"myostatin"
"33"	"UGT1A1"	"UDP glucuronosyltransferase 1 family, polypeptide A1"
"34"	"CRP"	"C-reactive protein, pentraxin-related"
"35"	"SPINK1"	"serine peptidase inhibitor, Kazal type 1"
"36"	"IL8"	"interleukin 8"
"37"	"SCARB1"	"scavenger receptor class B, member 1"
"38"	"HAMP"	"hepcidin antimicrobial peptide"
"44"	"NPPB"	"natriuretic peptide B"
"45"	"CXCR4"	"chemokine (C-X-C motif) receptor 4"
