"rank"	"gene_symbol"	"gene_name"
"1"	"ZIC3"	"Zic family member 3"
"2"	"CFC1"	"cripto, FRL-1, cryptic family 1"
"3"	"CRELD1"	"cysteine-rich with EGF-like domains 1"
"3"	"DNAH5"	"dynein, axonemal, heavy chain 5"
"4"	"GDF1"	"growth differentiation factor 1"
"4"	"CCDC11"	"coiled-coil domain containing 11"
"6"	"SHROOM3"	"shroom family member 3"
"7"	"GLI3"	"GLI family zinc finger 3"
"8"	"NODAL"	"nodal growth differentiation factor"
"8"	"EVC2"	"Ellis van Creveld syndrome 2"
"9"	"NPHP4"	"nephronophthisis 4"
"11"	"MTHFR"	"methylenetetrahydrofolate reductase (NAD(P)H)"
