"rank"	"gene_symbol"	"gene_name"
"1"	"ZIC2"	"Zic family member 2"
"1"	"SIX3"	"SIX homeobox 3"
"2"	"SHH"	"sonic hedgehog"
"3"	"TGIF1"	"TGFB-induced factor homeobox 1"
"4"	"TGIF2"	"TGFB-induced factor homeobox 2"
"5"	"CDON"	"cell adhesion associated, oncogene regulated"
"5"	"GLI2"	"GLI family zinc finger 2"
"7"	"FBXW11"	"F-box and WD repeat domain containing 11"
"7"	"GAS1"	"growth arrest-specific 1"
"8"	"TWSG1"	"twisted gastrulation homolog 1 (Drosophila)"
"8"	"NODAL"	"nodal growth differentiation factor"
"12"	"DISP1"	"dispatched homolog 1 (Drosophila)"
"12"	"SUFU"	"suppressor of fused homolog (Drosophila)"
"13"	"OTX2"	"orthodenticle homeobox 2"
"13"	"PRRX1"	"paired related homeobox 1"
"14"	"NEK1"	"NIMA-related kinase 1"
"14"	"SOX3"	"SRY (sex determining region Y)-box 3"
"15"	"STIL"	"SCL/TAL1 interrupting locus"
"16"	"FOXG1"	"forkhead box G1"
"16"	"NOG"	"noggin"
"17"	"CHD7"	"chromodomain helicase DNA binding protein 7"
"18"	"NOTCH1"	"notch 1"
"19"	"FGF8"	"fibroblast growth factor 8 (androgen-induced)"
"20"	"NR4A3"	"nuclear receptor subfamily 4, group A, member 3"
"21"	"TDGF1"	"teratocarcinoma-derived growth factor 1"
"25"	"APOE"	"apolipoprotein E"
