"rank"	"gene_symbol"	"gene_name"
"1"	"CBS"	"cystathionine-beta-synthase"
"2"	"MMACHC"	"methylmalonic aciduria (cobalamin deficiency) cblC type, with homocystinuria"
"3"	"FBN1"	"fibrillin 1"
"3"	"MTHFR"	"methylenetetrahydrofolate reductase (NAD(P)H)"
"4"	"MAT1A"	"methionine adenosyltransferase I, alpha"
"4"	"MMADHC"	"methylmalonic aciduria (cobalamin deficiency) cblD type, with homocystinuria"
"5"	"MTRR"	"5-methyltetrahydrofolate-homocysteine methyltransferase reductase"
"6"	"MTR"	"5-methyltetrahydrofolate-homocysteine methyltransferase"
"8"	"ADAMTSL4"	"ADAMTS-like 4"
"8"	"F5"	"coagulation factor V (proaccelerin, labile factor)"
"9"	"SRSF1"	"serine/arginine-rich splicing factor 1"
"11"	"PON1"	"paraoxonase 1"
