"rank"	"gene_symbol"	"gene_name"
"1"	"PTH"	"parathyroid hormone"
"1"	"CASR"	"calcium-sensing receptor"
"2"	"COMT"	"catechol-O-methyltransferase"
"2"	"GCM2"	"glial cells missing homolog 2 (Drosophila)"
"3"	"AIRE"	"autoimmune regulator"
"3"	"C22DDELS"	"Chromosome 22q11.2 deletion syndrome, distal"
"4"	"TBX1"	"T-box 1"
"5"	"GATA3"	"GATA binding protein 3"
"7"	"FGF23"	"fibroblast growth factor 23"
"8"	"GNAS"	"GNAS complex locus"
"9"	"PRODH"	"proline dehydrogenase (oxidase) 1"
"9"	"TBCE"	"tubulin folding cofactor E"
"11"	"VDR"	"vitamin D (1,25- dihydroxyvitamin D3) receptor"
"11"	"DGCR6"	"DiGeorge syndrome critical region gene 6"
"12"	"PI4KA"	"phosphatidylinositol 4-kinase, catalytic, alpha"
"13"	"NLRP5"	"NLR family, pyrin domain containing 5"
"14"	"VEGFA"	"vascular endothelial growth factor A"
"15"	"DUP22Q11.2"	"Chromosome 22q11.2 microduplication syndrome"
"15"	"SOST"	"sclerostin"
"16"	"CDH7"	"cadherin 7, type 2"
"17"	"RTN4R"	"reticulon 4 receptor"
"17"	"LDOC1"	"leucine zipper, down-regulated in cancer 1"
"18"	"CELF2"	"CUGBP, Elav-like family member 2"
"19"	"HIRA"	"histone cell cycle regulator"
"19"	"TBX3"	"T-box 3"
"20"	"DRD2"	"dopamine receptor D2"
"21"	"DGCR8"	"DGCR8 microprocessor complex subunit"
"22"	"IL7"	"interleukin 7"
"23"	"HLA-A"	"major histocompatibility complex, class I, A"
"23"	"GP1BB"	"glycoprotein Ib (platelet), beta polypeptide"
"25"	"IL17A"	"interleukin 17A"
"26"	"CTLA4"	"cytotoxic T-lymphocyte-associated protein 4"
"27"	"EPO"	"erythropoietin"
"28"	"PTPN22"	"protein tyrosine phosphatase, non-receptor type 22 (lymphoid)"
