"rank"	"gene_symbol"	"gene_name"
"1"	"PAFAH1B1"	"platelet-activating factor acetylhydrolase 1b, regulatory subunit 1 (45kDa)"
"2"	"ARX"	"aristaless related homeobox"
"2"	"TUBA1A"	"tubulin, alpha 1a"
"3"	"DCX"	"doublecortin"
"4"	"NDEL1"	"nudE nuclear distribution E homolog (A. nidulans)-like 1"
"5"	"POMGNT1"	"protein O-linked mannose beta1,2-N-acetylglucosaminyltransferase"
"5"	"NDE1"	"nudE nuclear distribution E homolog 1 (A. nidulans)"
"6"	"FKTN"	"fukutin"
"6"	"NUDCD2"	"NudC domain containing 2"
"7"	"DCDC1"	"doublecortin domain containing 1"
"7"	"DISC1"	"disrupted in schizophrenia 1"
"9"	"POMT1"	"protein-O-mannosyltransferase 1"
"9"	"TUBA8"	"tubulin, alpha 8"
"10"	"ISPD"	"isoprenoid synthase domain containing"
"11"	"DCLK1"	"doublecortin-like kinase 1"
"11"	"TUBB2B"	"tubulin, beta 2B class IIb"
"12"	"WDR62"	"WD repeat domain 62"
"12"	"EMX2"	"empty spiracles homeobox 2"
"13"	"HIC1"	"hypermethylated in cancer 1"
"15"	"YWHAE"	"tyrosine 3-monooxygenase/tryptophan 5-monooxygenase activation protein, epsilon polypeptide"
"15"	"RELN"	"reelin"
"18"	"POMT2"	"protein-O-mannosyltransferase 2"
"18"	"GTDC2"	"glycosyltransferase-like domain containing 2"
"19"	"DYNC1H1"	"dynein, cytoplasmic 1, heavy chain 1"
"21"	"VLDLR"	"very low density lipoprotein receptor"
"21"	"SMG6"	"SMG6 nonsense mediated mRNA decay factor"
"22"	"FKRP"	"fukutin related protein"
"22"	"NUDC"	"nuclear distribution C homolog (A. nidulans)"
"23"	"SGCA"	"sarcoglycan, alpha (50kDa dystrophin-associated glycoprotein)"
"28"	"LRP8"	"low density lipoprotein receptor-related protein 8, apolipoprotein e receptor"
"28"	"RANBP9"	"RAN binding protein 9"
"30"	"COL4A1"	"collagen, type IV, alpha 1"
"31"	"AURKA"	"aurora kinase A"
"32"	"TP73"	"tumor protein p73"
