"rank"	"gene_symbol"	"gene_name"
"1"	"IFNG"	"interferon, gamma"
"1"	"SP110"	"SP110 nuclear body protein"
"2"	"IL17A"	"interleukin 17A"
"2"	"SLC11A1"	"solute carrier family 11 (proton-coupled divalent metal ion transporters), member 1"
"3"	"IFNGR1"	"interferon gamma receptor 1"
"3"	"CD209"	"CD209 molecule"
"4"	"IL10"	"interleukin 10"
"5"	"TLR2"	"toll-like receptor 2"
"6"	"CTSZ"	"cathepsin Z"
"6"	"TNF"	"tumor necrosis factor"
"8"	"IL12RB1"	"interleukin 12 receptor, beta 1"
"8"	"IRGM"	"immunity-related GTPase family, M"
"9"	"TLR9"	"toll-like receptor 9"
"9"	"TIRAP"	"toll-interleukin 1 receptor (TIR) domain containing adaptor protein"
"10"	"TLR1"	"toll-like receptor 1"
"10"	"CCL2"	"chemokine (C-C motif) ligand 2"
"11"	"HLA-DRB1"	"major histocompatibility complex, class II, DR beta 1"
"11"	"TLR6"	"toll-like receptor 6"
"12"	"CD1B"	"CD1b molecule"
"12"	"IL12B"	"interleukin 12B (natural killer cell stimulatory factor 2, cytotoxic lymphocyte maturation factor 2, p40)"
"13"	"CD4"	"CD4 molecule"
"14"	"CD27"	"CD27 molecule"
"15"	"IL22"	"interleukin 22"
"15"	"MIR144"	"microRNA 144"
"16"	"TLR4"	"toll-like receptor 4"
"17"	"P2RX7"	"purinergic receptor P2X, ligand-gated ion channel, 7"
"18"	"IL2"	"interleukin 2"
"18"	"DUSP14"	"dual specificity phosphatase 14"
"19"	"IL18"	"interleukin 18 (interferon-gamma-inducing factor)"
"20"	"IL5"	"interleukin 5 (colony-stimulating factor, eosinophil)"
"20"	"NOD2"	"nucleotide-binding oligomerization domain containing 2"
"21"	"ITGAX"	"integrin, alpha X (complement component 3 receptor 4 subunit)"
"22"	"IL1B"	"interleukin 1, beta"
"22"	"TRG"	"T cell receptor gamma locus"
"23"	"IL6"	"interleukin 6 (interferon, beta 2)"
"23"	"CYP51A1"	"cytochrome P450, family 51, subfamily A, polypeptide 1"
"24"	"LTA4H"	"leukotriene A4 hydrolase"
"25"	"IL27"	"interleukin 27"
"25"	"GNLY"	"granulysin"
"26"	"CLEC7A"	"C-type lectin domain family 7, member A"
"26"	"IL4"	"interleukin 4"
"27"	"PHGDH"	"phosphoglycerate dehydrogenase"
"28"	"IL32"	"interleukin 32"
"29"	"HAVCR2"	"hepatitis A virus cellular receptor 2"
"29"	"IL12RB2"	"interleukin 12 receptor, beta 2"
"30"	"CAMP"	"cathelicidin antimicrobial peptide"
"31"	"SFTPD"	"surfactant protein D"
"31"	"CD86"	"CD86 molecule"
"32"	"CISH"	"cytokine inducible SH2-containing protein"
"33"	"NADK"	"NAD kinase"
"33"	"NLRP3"	"NLR family, pyrin domain containing 3"
"34"	"SOCS3"	"suppressor of cytokine signaling 3"
"35"	"CXCL10"	"chemokine (C-X-C motif) ligand 10"
"36"	"ABL2"	"v-abl Abelson murine leukemia viral oncogene homolog 2"
"36"	"STAT1"	"signal transducer and activator of transcription 1, 91kDa"
"37"	"CCL5"	"chemokine (C-C motif) ligand 5"
"38"	"NFKB1"	"nuclear factor of kappa light polypeptide gene enhancer in B-cells 1"
"38"	"PTPN22"	"protein tyrosine phosphatase, non-receptor type 22 (lymphoid)"
"39"	"CD14"	"CD14 molecule"
"40"	"MBL2"	"mannose-binding lectin (protein C) 2, soluble"
"41"	"ICAM1"	"intercellular adhesion molecule 1"
"42"	"CRP"	"C-reactive protein, pentraxin-related"
"42"	"TOLLIP"	"toll interacting protein"
"43"	"VDR"	"vitamin D (1,25- dihydroxyvitamin D3) receptor"
"46"	"RAB10"	"RAB10, member RAS oncogene family"
"47"	"MAPK14"	"mitogen-activated protein kinase 14"
"48"	"MARCO"	"macrophage receptor with collagenous structure"
"48"	"STX3"	"syntaxin 3"
"50"	"BCL2A1"	"BCL2-related protein A1"
"51"	"FASLG"	"Fas ligand (TNF superfamily, member 6)"
"53"	"EREG"	"epiregulin"
"54"	"NOTCH1"	"notch 1"
"55"	"PDCD1"	"programmed cell death 1"
"55"	"CD1C"	"CD1c molecule"
"57"	"TNFRSF1A"	"tumor necrosis factor receptor superfamily, member 1A"
"57"	"CCL15"	"chemokine (C-C motif) ligand 15"
"58"	"SERPINB9"	"serpin peptidase inhibitor, clade B (ovalbumin), member 9"
"59"	"CD1E"	"CD1e molecule"
"59"	"PPBP"	"pro-platelet basic protein (chemokine (C-X-C motif) ligand 7)"
"60"	"CCBP2"	"chemokine binding protein 2"
"60"	"MAPK1"	"mitogen-activated protein kinase 1"
"61"	"NR2C2"	"nuclear receptor subfamily 2, group C, member 2"
"62"	"MIF"	"macrophage migration inhibitory factor (glycosylation-inhibiting factor)"
"64"	"LSP1"	"lymphocyte-specific protein 1"
"64"	"HLA-B"	"major histocompatibility complex, class I, B"
"65"	"MIR155"	"microRNA 155"
"66"	"PEPD"	"peptidase D"
"66"	"CLEC4M"	"C-type lectin domain family 4, member M"
"67"	"DEFA3"	"defensin, alpha 3, neutrophil-specific"
"67"	"CD274"	"CD274 molecule"
"68"	"SRC"	"v-src sarcoma (Schmidt-Ruppin A-2) viral oncogene homolog (avian)"
"68"	"MAF"	"v-maf musculoaponeurotic fibrosarcoma oncogene homolog (avian)"
"69"	"TAP2"	"transporter 2, ATP-binding cassette, sub-family B (MDR/TAP)"
"69"	"RAB7A"	"RAB7A, member RAS oncogene family"
"71"	"CD1A"	"CD1a molecule"
"72"	"CASP1"	"caspase 1, apoptosis-related cysteine peptidase"
"72"	"NFAT5"	"nuclear factor of activated T-cells 5, tonicity-responsive"
"73"	"PSMB9"	"proteasome (prosome, macropain) subunit, beta type, 9"
"73"	"SOCS1"	"suppressor of cytokine signaling 1"
"74"	"ABL1"	"c-abl oncogene 1, non-receptor tyrosine kinase"
"76"	"MMP1"	"matrix metallopeptidase 1 (interstitial collagenase)"
"76"	"TNFRSF9"	"tumor necrosis factor receptor superfamily, member 9"
"78"	"SLCO1B3"	"solute carrier organic anion transporter family, member 1B3"
"78"	"STAT3"	"signal transducer and activator of transcription 3 (acute-phase response factor)"
"80"	"HLA-A"	"major histocompatibility complex, class I, A"
"80"	"IL24"	"interleukin 24"
"81"	"ARG1"	"arginase, liver"
"82"	"CXCL9"	"chemokine (C-X-C motif) ligand 9"
"82"	"AKT1"	"v-akt murine thymoma viral oncogene homolog 1"
"83"	"ADA"	"adenosine deaminase"
"84"	"CCL20"	"chemokine (C-C motif) ligand 20"
"84"	"PRKCA"	"protein kinase C, alpha"
"86"	"PPARG"	"peroxisome proliferator-activated receptor gamma"
"89"	"ALOX5"	"arachidonate 5-lipoxygenase"
"89"	"PTX3"	"pentraxin 3, long"
"92"	"CYBB"	"cytochrome b-245, beta polypeptide"
"93"	"VEGFA"	"vascular endothelial growth factor A"
"94"	"XRCC5"	"X-ray repair complementing defective repair in Chinese hamster cells 5 (double-strand-break rejoining)"
"95"	"TNFRSF1B"	"tumor necrosis factor receptor superfamily, member 1B"
"95"	"CIITA"	"class II, major histocompatibility complex, transactivator"
"96"	"CXCR2"	"chemokine (C-X-C motif) receptor 2"
"97"	"ITGA5"	"integrin, alpha 5 (fibronectin receptor, alpha polypeptide)"
"98"	"BCL2"	"B-cell CLL/lymphoma 2"
"99"	"CASP8"	"caspase 8, apoptosis-related cysteine peptidase"
"101"	"LCN2"	"lipocalin 2"
"107"	"VKORC1"	"vitamin K epoxide reductase complex, subunit 1"
"109"	"F3"	"coagulation factor III (thromboplastin, tissue factor)"
"110"	"MMP9"	"matrix metallopeptidase 9 (gelatinase B, 92kDa gelatinase, 92kDa type IV collagenase)"
"111"	"CXCL12"	"chemokine (C-X-C motif) ligand 12"
"113"	"CXCR4"	"chemokine (C-X-C motif) receptor 4"
"117"	"CTLA4"	"cytotoxic T-lymphocyte-associated protein 4"
"124"	"PTEN"	"phosphatase and tensin homolog"
