"rank"	"gene_symbol"	"gene_name"
"1"	"CLCN7"	"chloride channel, voltage-sensitive 7"
"1"	"TCIRG1"	"T-cell, immune regulator 1, ATPase, H+ transporting, lysosomal V0 subunit A3"
"3"	"OSTM1"	"osteopetrosis associated transmembrane protein 1"
"4"	"PLEKHM1"	"pleckstrin homology domain containing, family M (with RUN domain) member 1"
"4"	"CSF1"	"colony stimulating factor 1 (macrophage)"
"5"	"TNFSF11"	"tumor necrosis factor (ligand) superfamily, member 11"
"5"	"CA2"	"carbonic anhydrase II"
"6"	"TNFRSF11A"	"tumor necrosis factor receptor superfamily, member 11a, NFKB activator"
"7"	"CTSK"	"cathepsin K"
"8"	"CSF1R"	"colony stimulating factor 1 receptor"
"9"	"SNX10"	"sorting nexin 10"
"9"	"LRP5"	"low density lipoprotein receptor-related protein 5"
"10"	"TNFRSF11B"	"tumor necrosis factor receptor superfamily, member 11b"
"11"	"CCDC154"	"coiled-coil domain containing 154"
"12"	"CA14"	"carbonic anhydrase XIV"
"12"	"GOT1"	"glutamic-oxaloacetic transaminase 1, soluble"
"13"	"MITF"	"microphthalmia-associated transcription factor"
"14"	"CSF2"	"colony stimulating factor 2 (granulocyte-macrophage)"
"14"	"SLC29A3"	"solute carrier family 29 (nucleoside transporters), member 3"
"16"	"GPNMB"	"glycoprotein (transmembrane) nmb"
"17"	"FERMT3"	"fermitin family member 3"
"17"	"MSX1"	"msh homeobox 1"
"18"	"VAV3"	"vav 3 guanine nucleotide exchange factor"
"18"	"NFKB1"	"nuclear factor of kappa light polypeptide gene enhancer in B-cells 1"
"19"	"CLCN1"	"chloride channel, voltage-sensitive 1"
"20"	"TNF"	"tumor necrosis factor"
"20"	"GAB2"	"GRB2-associated binding protein 2"
"22"	"CSK"	"c-src tyrosine kinase"
"23"	"THPO"	"thrombopoietin"
"24"	"IKBKG"	"inhibitor of kappa light polypeptide gene enhancer in B-cells, kinase gamma"
"26"	"ORAI1"	"ORAI calcium release-activated calcium modulator 1"
"27"	"CYP19A1"	"cytochrome P450, family 19, subfamily A, polypeptide 1"
"28"	"BCL2"	"B-cell CLL/lymphoma 2"
