"rank"	"gene_symbol"	"gene_name"
"1"	"WNK4"	"WNK lysine deficient protein kinase 4"
"1"	"WNK1"	"WNK lysine deficient protein kinase 1"
"3"	"KCNJ1"	"potassium inwardly-rectifying channel, subfamily J, member 1"
"3"	"NR3C2"	"nuclear receptor subfamily 3, group C, member 2"
"4"	"KLHL3"	"kelch-like family member 3"
"4"	"SCNN1A"	"sodium channel, non-voltage-gated 1 alpha subunit"
"5"	"WNK3"	"WNK lysine deficient protein kinase 3"
"5"	"SCNN1G"	"sodium channel, non-voltage-gated 1, gamma subunit"
"6"	"SLC12A3"	"solute carrier family 12 (sodium/chloride transporters), member 3"
"8"	"SCNN1B"	"sodium channel, non-voltage-gated 1, beta subunit"
"8"	"STK39"	"serine threonine kinase 39"
"11"	"KCNK6"	"potassium channel, subfamily K, member 6"
"12"	"CA12"	"carbonic anhydrase XII"
"13"	"SGK1"	"serum/glucocorticoid regulated kinase 1"
"13"	"CUL3"	"cullin 3"
"14"	"UNC13D"	"unc-13 homolog D (C. elegans)"
