"rank"	"gene_symbol"	"gene_name"
"1"	"GATA4"	"GATA binding protein 4"
"1"	"GDF1"	"growth differentiation factor 1"
"2"	"JAG1"	"jagged 1"
"2"	"TBX20"	"T-box 20"
"3"	"NKX2-5"	"NK2 homeobox 5"
"4"	"ZFPM2"	"zinc finger protein, FOG family member 2"
"4"	"NPPB"	"natriuretic peptide B"
"6"	"TBX1"	"T-box 1"
"7"	"GATA6"	"GATA binding protein 6"
"8"	"VANGL2"	"VANGL planar cell polarity protein 2"
"8"	"VEGFA"	"vascular endothelial growth factor A"
"9"	"MTHFR"	"methylenetetrahydrofolate reductase (NAD(P)H)"
"9"	"HEY2"	"hairy/enhancer-of-split related with YRPW motif 2"
"10"	"APOE"	"apolipoprotein E"
"11"	"L1RE1"	"LINE1 retrotransposable element 1"
"11"	"SLN"	"sarcolipin"
"13"	"STRA6"	"stimulated by retinoic acid 6"
"14"	"CITED2"	"Cbp/p300-interacting transactivator, with Glu/Asp-rich carboxy-terminal domain, 2"
"15"	"NTRK3"	"neurotrophic tyrosine kinase, receptor, type 3"
"16"	"TFAP2A"	"transcription factor AP-2 alpha (activating enhancer binding protein 2 alpha)"
"17"	"PQBP1"	"polyglutamine binding protein 1"
"18"	"HSPA1A"	"heat shock 70kDa protein 1A"
"18"	"ALDH1A2"	"aldehyde dehydrogenase 1 family, member A2"
"20"	"LPP"	"LIM domain containing preferred translocation partner in lipoma"
"20"	"PTPN11"	"protein tyrosine phosphatase, non-receptor type 11"
"21"	"F5"	"coagulation factor V (proaccelerin, labile factor)"
"22"	"NOTCH1"	"notch 1"
"22"	"PLXNA2"	"plexin A2"
"23"	"GJA5"	"gap junction protein, alpha 5, 40kDa"
"23"	"ACE"	"angiotensin I converting enzyme"
"24"	"GJA1"	"gap junction protein, alpha 1, 43kDa"
"24"	"FOXC2"	"forkhead box C2 (MFH-1, mesenchyme forkhead 1)"
"25"	"RFC1"	"replication factor C (activator 1) 1, 145kDa"
"26"	"ECE1"	"endothelin converting enzyme 1"
"27"	"SNAI2"	"snail family zinc finger 2"
"29"	"MTHFD1"	"methylenetetrahydrofolate dehydrogenase (NADP+ dependent) 1, methenyltetrahydrofolate cyclohydrolase, formyltetrahydrofolate synthetase"
"30"	"MMP9"	"matrix metallopeptidase 9 (gelatinase B, 92kDa gelatinase, 92kDa type IV collagenase)"
"31"	"FBN1"	"fibrillin 1"
"32"	"PPARGC1A"	"peroxisome proliferator-activated receptor gamma, coactivator 1 alpha"
"33"	"CYBA"	"cytochrome b-245, alpha polypeptide"
"37"	"ALDH2"	"aldehyde dehydrogenase 2 family (mitochondrial)"
