"rank"	"gene_symbol"	"gene_name"
"1"	"USH2A"	"Usher syndrome 2A (autosomal recessive, mild)"
"1"	"MYO7A"	"myosin VIIA"
"3"	"PCDH15"	"protocadherin-related 15"
"3"	"USH1C"	"Usher syndrome 1C (autosomal recessive, severe)"
"4"	"USH1G"	"Usher syndrome 1G (autosomal recessive)"
"4"	"CLRN1"	"clarin 1"
"5"	"CDH23"	"cadherin-related 23"
"8"	"DFNB31"	"deafness, autosomal recessive 31"
"8"	"PDZD7"	"PDZ domain containing 7"
"9"	"GPR98"	"G protein-coupled receptor 98"
"11"	"USH1K"	"Usher syndrome 1K (autosomal recessive)"
"11"	"GJB2"	"gap junction protein, beta 2, 26kDa"
"12"	"CIB2"	"calcium and integrin binding family member 2"
"12"	"GJB6"	"gap junction protein, beta 6, 30kDa"
"13"	"ABHD12"	"abhydrolase domain containing 12"
"13"	"PEX6"	"peroxisomal biogenesis factor 6"
"14"	"RPGR"	"retinitis pigmentosa GTPase regulator"
"14"	"TUBGCP6"	"tubulin, gamma complex associated protein 6"
"15"	"CDHR1"	"cadherin-related family member 1"
"15"	"CRB1"	"crumbs homolog 1 (Drosophila)"
"16"	"WFS1"	"Wolfram syndrome 1 (wolframin)"
"17"	"CNGB3"	"cyclic nucleotide gated channel beta 3"
"17"	"NINL"	"ninein-like"
"18"	"ZHX2"	"zinc fingers and homeoboxes 2"
"21"	"TXN"	"thioredoxin"
